"","sequence","species","source","feature","modified_sequence","index"
"1","AAAGAAAGCGGTTTCA","Streptococcus_pyogenes","PMID:33325565","ccpA","AAAGAAAGCGGTTTCA",1
"2","ACAGAAAACGATTTCA","Streptococcus_pyogenes","PMID:33325565","ccpA","ACAGAAAACGATTTCA",2
"3","ATGGTGGCGTTTTCTT","Streptococcus_pyogenes","PMID:33325565","ccpA","ATGGTGGCGTTTTCTT",3
"4","AACGAAAACCTTTTCA","Streptococcus_pyogenes","PMID:33325565","ccpA","AACGAAAACCTTTTCA",4
"5","AACGAAAACCTTTTCA","Streptococcus_pyogenes","PMID:33325565","ccpA","AACGAAAACCTTTTCA",5
"6","TTGAAAGCGCTTTATT","Streptococcus_pyogenes","PMID:33325565","ccpA","TTGAAAGCGCTTTATT",6
"7","AAAGAAAGCCCTTTCC","Streptococcus_pyogenes","PMID:33325565","ccpA","AAAGAAAGCCCTTTCC",7
"8","AATGTAAGCGCTAACAAAAT","Streptococcus_pyogenes","PMID:33325565","ccpA","AATGTAAGCGCTAACAAAAT",8
"9","AATGTAAGCGCTAACAAAAT","Streptococcus_pyogenes","PMID:33325565","ccpA","AATGTAAGCGCTAACAAAAT",9
"10","TAGGAAGCGTTTTCTT","Streptococcus_pyogenes","PMID:33325565","ccpA","TAGGAAGCGTTTTCTT",10
"11","GTGCAAGCGCTTTGAT","Streptococcus_pyogenes","PMID:33325565","ccpA","GTGCAAGCGCTTTGAT",11
"15","TTGAAAACTTTTTCAA","Streptococcus_pyogenes","PMID:33325565","ccpA","TTGAAAACTTTTTCAA",12
"19","TTTGGGAACGATTTCTCAAG","Streptococcus_pyogenes","PMID:33325565","ccpA","TTTGGGAACGATTTCTCAAG",13
"20","AAATAAAGCGCTTACT","Streptococcus_pyogenes","PMID:33325565","ccpA","AAATAAAGCGCTTACT",14
"21","GAGAAAACGTTTTAGT","Streptococcus_pyogenes","PMID:33325565","ccpA","GAGAAAACGTTTTAGT",15
"22","TTGACACCGTTTTCAT","Streptococcus_pyogenes","PMID:33325565","ccpA","TTGACACCGTTTTCAT",16
"23","TTGACACCGTTTTCAT","Streptococcus_pyogenes","PMID:33325565","ccpA","TTGACACCGTTTTCAT",17
"24","GAAGATATCGCTTCTA","Streptococcus_pyogenes","PMID:33325565","ccpA","GAAGATATCGCTTCTA",18
"25","TATTATATCGATTTCT","Streptococcus_pyogenes","PMID:33325565","ccpA","TATTATATCGATTTCT",19
"26","TATTATATCGATTTCT","Streptococcus_pyogenes","PMID:33325565","ccpA","TATTATATCGATTTCT",20
"27","AAGAAAGGGTTTACAT","Streptococcus_pyogenes","PMID:33325565","ccpA","AAGAAAGGGTTTACAT",21
"28","ATGGAAGCTTTTTCAG","Streptococcus_pyogenes","PMID:33325565","ccpA","ATGGAAGCTTTTTCAG",22
"29","ATGGAAGCTTTTTCAG","Streptococcus_pyogenes","PMID:33325565","ccpA","ATGGAAGCTTTTTCAG",23
"30","GTGAAGGGTTTATCAT","Streptococcus_pyogenes","PMID:33325565","ccpA","GTGAAGGGTTTATCAT",24
"32","GAAGATAACGATTTCA","Streptococcus_pyogenes","PMID:33325565","ccpA","GAAGATAACGATTTCA",25
"33","TTGTAAGCGCTACCGA","Streptococcus_pyogenes","PMID:33325565","ccpA","TTGTAAGCGCTACCGA",26
"34","AAGAAAGGGTTTTCAA","Streptococcus_pyogenes","PMID:33325565","ccpA","AAGAAAGGGTTTTCAA",27
"35","AAGAAAGGGTTTTCAA","Streptococcus_pyogenes","PMID:33325565","ccpA","AAGAAAGGGTTTTCAA",28
"36","ACTGATAACGCTTCCAA","Streptococcus_pyogenes","PMID:33325565","ccpA","ACTGATAACGCTTCCAA",29
"37","ACTGATAACGCTTCCAA","Streptococcus_pyogenes","PMID:33325565","ccpA","ACTGATAACGCTTCCAA",30
"39","CTTGAAACCGCTTGCT","Streptococcus_pyogenes","PMID:33325565","ccpA","CTTGAAACCGCTTGCT",31
"40","AATGAAAGCGTTTATA","Streptococcus_pyogenes","PMID:33325565","ccpA","AATGAAAGCGTTTATA",32
"43","TAAGATACCGCTTGCA","Streptococcus_pyogenes","PMID:33325565","ccpA","TAAGATACCGCTTGCA",33
"44","TAAGATACCGCTTGCA","Streptococcus_pyogenes","PMID:33325565","ccpA","TAAGATACCGCTTGCA",34
"45","CTGCAAGCGGTTGCAT","Streptococcus_pyogenes","PMID:33325565","ccpA","CTGCAAGCGGTTGCAT",35
"46","CTGCAAGCGGTTGCAT","Streptococcus_pyogenes","PMID:33325565","ccpA","CTGCAAGCGGTTGCAT",36
"47","ATCGTAATCGCTTTCA","Streptococcus_pyogenes","PMID:33325565","ccpA","ATCGTAATCGCTTTCA",37
"48","TTAGAAAACGCTTTCT","Streptococcus_pyogenes","PMID:33325565","ccpA","TTAGAAAACGCTTTCT",38
"49","CTAAAAGCGTTTTCTC","Streptococcus_pyogenes","PMID:33325565","ccpA","CTAAAAGCGTTTTCTC",39
"50","CATGATAACCCTTACA","Streptococcus_pyogenes","PMID:33325565","ccpA","CATGATAACCCTTACA",40
"51","CATGATAACCCTTACA","Streptococcus_pyogenes","PMID:33325565","ccpA","CATGATAACCCTTACA",41
"52","CAAGAAATCGCTTTCT","Streptococcus_pyogenes","PMID:33325565","ccpA","CAAGAAATCGCTTTCT",42
"53","CAGAAAACTCTTTCTT","Streptococcus_pyogenes","PMID:33325565","ccpA","CAGAAAACTCTTTCTT",43
"54","ATGGAATCGCTTTCTA","Streptococcus_pyogenes","PMID:33325565","ccpA","ATGGAATCGCTTTCTA",44
"55","ATCGTAAGCGCCTCCA","Streptococcus_pyogenes","PMID:33325565","ccpA","ATCGTAAGCGCCTCCA",45
"56","GTAAAATCTTTTTCTG","Streptococcus_pyogenes","PMID:33325565","ccpA","GTAAAATCTTTTTCTG",46
"60","TGAGTAATCGCTTACA","Streptococcus_pyogenes","PMID:33325565","ccpA","TGAGTAATCGCTTACA",47
"61","TGAGTAATCGCTTACA","Streptococcus_pyogenes","PMID:33325565","ccpA","TGAGTAATCGCTTACA",48
"62","CTGCAATCGTTTACTT","Streptococcus_pyogenes","PMID:33325565","ccpA","CTGCAATCGTTTACTT",49
"63","CTGCAATCGTTTACTT","Streptococcus_pyogenes","PMID:33325565","ccpA","CTGCAATCGTTTACTT",50
"64","CTTGAAGCGCTTACTT","Streptococcus_pyogenes","PMID:33325565","ccpA","CTTGAAGCGCTTACTT",51
"65","CTTGAAGCGCTTACTT","Streptococcus_pyogenes","PMID:33325565","ccpA","CTTGAAGCGCTTACTT",52
"67","GAGAAAAGGATTTCAT","Streptococcus_pyogenes","PMID:33325565","ccpA","GAGAAAAGGATTTCAT",53
"68","AAGTAAGCGTTTTCCT","Streptococcus_pyogenes","PMID:33325565","ccpA","AAGTAAGCGTTTTCCT",54
"70","CTGTAAGCGATTACTT","Streptococcus_pyogenes","PMID:33325565","ccpA","CTGTAAGCGATTACTT",55
"72","GTGAAAACGTTTTAAA","Streptococcus_pyogenes","PMID:33325565","ccpA","GTGAAAACGTTTTAAA",56
"73","GTGAAAACGTTTTAAA","Streptococcus_pyogenes","PMID:33325565","ccpA","GTGAAAACGTTTTAAA",57
"74","AAAGAAAACGTTTTCT","Streptococcus_pyogenes","PMID:33325565","ccpA","AAAGAAAACGTTTTCT",58
"76","AAAGAAAACACTTGCA","Streptococcus_pyogenes","PMID:33325565","ccpA","AAAGAAAACACTTGCA",59
"79","TGGGAAAACGTTTCCT","Streptococcus_pyogenes","PMID:33325565","ccpA","TGGGAAAACGTTTCCT",60
"81","TTTAAAGCTTTTTAA","Streptococcus_pyogenes","PMID:33325565","ccpA","TTTAAAGCTTTTTAA",61
"82","ATAAAAGCGTTATCTC","Streptococcus_pyogenes","PMID:33325565","ccpA","ATAAAAGCGTTATCTC",62
"83","AGAGAAACCGGTACCA","Streptococcus_pyogenes","PMID:33325565","ccpA","AGAGAAACCGGTACCA",63
"84","TGCGCAAGCGCTTGCA","Streptococcus_pyogenes","PMID:33325565","ccpA","TGCGCAAGCGCTTGCA",64
"85","GATGCAATCGCTTGCA","Streptococcus_pyogenes","PMID:33325565","ccpA","GATGCAATCGCTTGCA",65
"86","GTGATAGCGCTATCTT","Streptococcus_pyogenes","PMID:33325565","ccpA","GTGATAGCGCTATCTT",66
"87","GTGATAGCGCTATCTT","Streptococcus_pyogenes","PMID:33325565","ccpA","GTGATAGCGCTATCTT",67
"88","TTGTAATCGTTTACAT","Streptococcus_pyogenes","PMID:33325565","ccpA","TTGTAATCGTTTACAT",68
"90","GTGAAAGCGTTATCGT","Streptococcus_pyogenes","PMID:33325565","ccpA","GTGAAAGCGTTATCGT",69
"91","ATGTAAGCGTTATCTAA","Streptococcus_pyogenes","PMID:33325565","ccpA","ATGTAAGCGTTATCTAA",70
"92","ATGTAAGCGTTATCTAA","Streptococcus_pyogenes","PMID:33325565","ccpA","ATGTAAGCGTTATCTAA",71
"93","CATGAAAACGCCTCCA","Streptococcus_pyogenes","PMID:33325565","ccpA","CATGAAAACGCCTCCA",72
"95","ACAGATAACGCTTACT","Streptococcus_pyogenes","PMID:33325565","ccpA","ACAGATAACGCTTACT",73
"110","AATGTAAATGTACACCTTTACATT","Clostridium_acetobutylicum","PMID: 28119470","ccpA","AATGTAAATGTACACCTTTACATT",74
"210","TGTAAAAAAACAACTAATTTATTTACA","Clostridium_acetobutylicum","PMID: 28119470","ccpA","TGTAAAAAAACAACTAATTTATTTACA",75
"310","AAACTGCTAAATGTAAATTATACGTTTACATTTAGCAGTTT","Clostridium_acetobutylicum","PMID: 28119470","ccpA","AAACTGCTAAATGTAAATTATACGTTTACATTTAGCAGTTT",76
"410","TGTAAAAGTTGCTATTTACA","Clostridium_acetobutylicum","PMID: 28119470","ccpA","TGTAAAAGTTGCTATTTACA",77
"58","TATTGTAAACCTTGTTTTGTTTTGCAGTTTACAATA","Clostridium_acetobutylicum","PMID: 28119470","ccpA","TATTGTAAACCTTGTTTTGTTTTGCAGTTTACAATA",78
"66","ATGTAAACGGTATCTGTAATAAAGTGTATTTTTTACAT","Clostridium_acetobutylicum","PMID: 28119470","ccpA","ATGTAAACGGTATCTGTAATAAAGTGTATTTTTTACAT",79
"71","TGTAAATATTTTTTTTACA","Clostridium_acetobutylicum","PMID: 28119470","ccpA","TGTAAATATTTTTTTTACA",80
"89","ATGTAAACGGTTATTTTTACAT","Clostridium_acetobutylicum","PMID: 28119470","ccpA","ATGTAAACGGTTATTTTTACAT",81
"94","ATGTAAAATAAATTTGTGGAATAAGGTATTTACAT","Clostridium_acetobutylicum","PMID: 28119470","ccpA","ATGTAAAATAAATTTGTGGAATAAGGTATTTACAT",82
"101","TGTAAATATACTTTACA","Clostridium_acetobutylicum","PMID: 28119470","ccpA","TGTAAATATACTTTACA",83
"111","TGTAAAAATATAAGCTTTTACA","Clostridium_acetobutylicum","PMID: 28119470","ccpA","TGTAAAAATATAAGCTTTTACA",84
"12","ATGTAAAAATATTTTACAT","Clostridium_acetobutylicum","PMID: 28119470","ccpA","ATGTAAAAATATTTTACAT",85
"13","TTGTAAATACTTATTATTTTTGCAAAAAGTTTTACAA","Clostridium_acetobutylicum","PMID: 28119470","ccpA","TTGTAAATACTTATTATTTTTGCAAAAAGTTTTACAA",86
"14","TGTAAATTGACAGACTTCAAGAAAACTTTTACA","Clostridium_acetobutylicum","PMID: 28119470","ccpA","TGTAAATTGACAGACTTCAAGAAAACTTTTACA",87
"151","TGTAAAAATATCGCAACTAGTCAAAATATATAGCACATTATTATTTTACA","Clostridium_acetobutylicum","PMID: 28119470","ccpA","TGTAAAAATATCGCAACTAGTCAAAATATATAGCACATTATTATTTTACA",88
"17","TGTAAATAGATTTACA","Clostridium_acetobutylicum","PMID: 28119470","ccpA","TGTAAATAGATTTACA",89
"18","TGTAAAGGATGTTGGAAATAGAGTTTTACA","Clostridium_acetobutylicum","PMID: 28119470","ccpA","TGTAAAGGATGTTGGAAATAGAGTTTTACA",90
"191","TGTAAAGGAAATGATAGAGGGCCATATTTTACA","Clostridium_acetobutylicum","PMID: 28119470","ccpA","TGTAAAGGAAATGATAGAGGGCCATATTTTACA",91
"201","AATGTAAAGAAATAATTTACATT","Clostridium_acetobutylicum","PMID: 28119470","ccpA","AATGTAAAGAAATAATTTACATT",92
"211","TGTAAAATTTATTGTTTACA","Clostridium_acetobutylicum","PMID: 28119470","ccpA","TGTAAAATTTATTGTTTACA",93
"221","TGTAAATTTCTATTTTTACA","Clostridium_acetobutylicum","PMID: 28119470","ccpA","TGTAAATTTCTATTTTTACA",94
"231","TGTAAAATCTAATAAAAACAAGCTTTACA","Clostridium_acetobutylicum","PMID: 28119470","ccpA","TGTAAAATCTAATAAAAACAAGCTTTACA",95
"241","TGTAAACGTTCCATTTACA","Clostridium_acetobutylicum","PMID: 28119470","ccpA","TGTAAACGTTCCATTTACA",96
"251","TGTAAAAGATGTATTTACA","Clostridium_acetobutylicum","PMID: 28119470","ccpA","TGTAAAAGATGTATTTACA",97
"262","ATGTAAATGTAGCTATGCAATTAAACGGATTTACAT","Clostridium_acetobutylicum","PMID: 28119470","ccpA","ATGTAAATGTAGCTATGCAATTAAACGGATTTACAT",98
"271","TGTAAATGTAGATTTTACA","Clostridium_acetobutylicum","PMID: 28119470","ccpA","TGTAAATGTAGATTTTACA",99
"281","TGTAAAGGGTATTTTTTTACA","Clostridium_acetobutylicum","PMID: 28119470","ccpA","TGTAAAGGGTATTTTTTTACA",100
"291","TGTAAAATCTGTTATGTCGCAAATGTCAAATTCATCTTTACA","Clostridium_acetobutylicum","PMID: 28119470","ccpA","TGTAAAATCTGTTATGTCGCAAATGTCAAATTCATCTTTACA",101
"301","TGTAAAGCTTCTTATGATAGATCCTAAGGTAGTTGAATTGAGTGTTTACA","Clostridium_acetobutylicum","PMID: 28119470","ccpA","TGTAAAGCTTCTTATGATAGATCCTAAGGTAGTTGAATTGAGTGTTTACA",102
"75","AGTAACCGTTTACA","Lactococcus_lactis","PMID: 17028270","ccpA","AGTAACCGTTTACA",103
"810","AGAAATCGCTAACA","Lactococcus_lactis","PMID: 17028270","ccpA","AGAAATCGCTAACA",104
"103","TGTAACAGTTTACA","Lactococcus_lactis","PMID: 17028270","ccpA","TGTAACAGTTTACA",105
"133","AGTAACCGGTATTA","Lactococcus_lactis","PMID: 17028270","ccpA","AGTAACCGGTATTA",106
"143","TGAAAGAGCATACA","Lactococcus_lactis","PMID: 17028270","ccpA","TGAAAGAGCATACA",107
"152","TGACAGAGTTTTCA","Lactococcus_lactis","PMID: 17028270","ccpA","TGACAGAGTTTTCA",108
"192","TTAAAACGTTTGAA","Lactococcus_lactis","PMID: 17028270","ccpA","TTAAAACGTTTGAA",109
"202","ATAAAACGCATACA","Lactococcus_lactis","PMID: 17028270","ccpA","ATAAAACGCATACA",110
"212","ATAAAGCGATTTCT","Lactococcus_lactis","PMID: 17028270","ccpA","ATAAAGCGATTTCT",111
"242","AGTAAGCGTATTCA","Lactococcus_lactis","PMID: 17028270","ccpA","AGTAAGCGTATTCA",112
"351","TGTAAACCTTTTCA","Lactococcus_lactis","PMID: 17028270","ccpA","TGTAAACCTTTTCA",113
"391","TGTAAGAGATATCT","Lactococcus_lactis","PMID: 17028270","ccpA","TGTAAGAGATATCT",114
"561","TGAAAACTTTTACA","Lactococcus_lactis","PMID: 17028270","ccpA","TGAAAACTTTTACA",115
"57","TGTAAACGATTCCA","Lactococcus_lactis","PMID: 17028270","ccpA","TGTAAACGATTCCA",116
"611","TGAAATCATTAGCA","Lactococcus_lactis","PMID: 17028270","ccpA","TGAAATCATTAGCA",117
"671","TGTAAGCGCAAGCA","Lactococcus_lactis","PMID: 17028270","ccpA","TGTAAGCGCAAGCA",118
"721","TGTGAACGCTTAAA","Lactococcus_lactis","PMID: 17028270","ccpA","TGTGAACGCTTAAA",119
"77","TGTAATGGATTTCA","Lactococcus_lactis","PMID: 17028270","ccpA","TGTAATGGATTTCA",120
"901","TGAAAGTGATAACA","Lactococcus_lactis","PMID: 17028270","ccpA","TGAAAGTGATAACA",121
"911","TGCACACGTTATCT","Lactococcus_lactis","PMID: 17028270","ccpA","TGCACACGTTATCT",122
"951","TGGTAGCGGTTATA","Lactococcus_lactis","PMID: 17028270","ccpA","TGGTAGCGGTTATA",123
"97","TGTAAAAGCTTACA","Lactococcus_lactis","PMID: 17028270","ccpA","TGTAAAAGCTTACA",124
"99","TGAAAACCTTTGCA","Lactococcus_lactis","PMID: 17028270","ccpA","TGAAAACCTTTGCA",125
"100","TGAAAACGTTATAA","Lactococcus_lactis","PMID: 17028270","ccpA","TGAAAACGTTATAA",126
"102","AGAAACCGCTTTCT","Lactococcus_lactis","PMID: 17028270","ccpA","AGAAACCGCTTTCT",127
"105","TGAAAACGTTTTTA","Lactococcus_lactis","PMID: 17028270","ccpA","TGAAAACGTTTTTA",128
"114","ATAAACCGTTTTCA","Lactococcus_lactis","PMID: 17028270","ccpA","ATAAACCGTTTTCA",129
"119","TGAAATCGCTATCA","Lactococcus_lactis","PMID: 17028270","ccpA","TGAAATCGCTATCA",130
"121","AGTAATCGTTATCT","Lactococcus_lactis","PMID: 17028270","ccpA","AGTAATCGTTATCT",131
"123","TGAAACAGTTATCA","Lactococcus_lactis","PMID: 17028270","ccpA","TGAAACAGTTATCA",132
"129","ATAAAGCGTTTACA","Lactococcus_lactis","PMID: 17028270","ccpA","ATAAAGCGTTTACA",133
"131","TGAAAAAGGTAACA","Lactococcus_lactis","PMID: 17028270","ccpA","TGAAAAAGGTAACA",134
"132","TGAAAGCGAATAAA","Lactococcus_lactis","PMID: 17028270","ccpA","TGAAAGCGAATAAA",135
"134","AGTTAGCGCTTACA","Lactococcus_lactis","PMID: 17028270","ccpA","AGTTAGCGCTTACA",136
"136","TATCAGCGTTAACA","Lactococcus_lactis","PMID: 17028270","ccpA","TATCAGCGTTAACA",137
"138","TGCCATCGTATTCA","Lactococcus_lactis","PMID: 17028270","ccpA","TGCCATCGTATTCA",138
"141","TGAAAACGCTTTTT","Lactococcus_lactis","PMID: 17028270","ccpA","TGAAAACGCTTTTT",139
"142","AATAAGCGCTTACA","Lactococcus_lactis","PMID: 17028270","ccpA","AATAAGCGCTTACA",140
"149","TGAAAAAGGTAACA","Lactococcus_lactis","PMID: 17028270","ccpA","TGAAAAAGGTAACA",141
"154","TGTAAGTATTTTCA","Lactococcus_lactis","PMID: 17028270","ccpA","TGTAAGTATTTTCA",142
"180","AGAAAATGTTTTCA","Lactococcus_lactis","PMID: 17028270","ccpA","AGAAAATGTTTTCA",143
"181","TGCAAGCGATTTGA","Lactococcus_lactis","PMID: 17028270","ccpA","TGCAAGCGATTTGA",144
"195","TGATATCGCTTCCA","Lactococcus_lactis","PMID: 17028270","ccpA","TGATATCGCTTCCA",145
"196","GGTAATCGTTTACT","Lactococcus_lactis","PMID: 17028270","ccpA","GGTAATCGTTTACT",146
"200","TGAAAGCGCAAACA","Lactococcus_lactis","PMID: 17028270","ccpA","TGAAAGCGCAAACA",147
"204","AAAAAGCGTATTCA","Lactococcus_lactis","PMID: 17028270","ccpA","AAAAAGCGTATTCA",148
"218","TTAATACGATTACA","Lactococcus_lactis","PMID: 17028270","ccpA","TTAATACGATTACA",149
"229","TGAAAGCGTTAAGA","Lactococcus_lactis","PMID: 17028270","ccpA","TGAAAGCGTTAAGA",150
"230","TGTAAAGGCTTAAA","Lactococcus_lactis","PMID: 17028270","ccpA","TGTAAAGGCTTAAA",151
"234","TTAAAGCGGTTAAA","Lactococcus_lactis","PMID: 17028270","ccpA","TTAAAGCGGTTAAA",152
"236","TGAAAACTCTAACA","Lactococcus_lactis","PMID: 17028270","ccpA","TGAAAACTCTAACA",153
"240","TAAATACGCTTTCA","Lactococcus_lactis","PMID: 17028270","ccpA","TAAATACGCTTTCA",154
"252","TGAATACGAATACA","Lactococcus_lactis","PMID: 17028270","ccpA","TGAATACGAATACA",155
"253","TGAAATCGTTCACA","Lactococcus_lactis","PMID: 17028270","ccpA","TGAAATCGTTCACA",156
"256","TGTAAGCGTTGATA","Lactococcus_lactis","PMID: 17028270","ccpA","TGTAAGCGTTGATA",157
"258","TTTAAGCGTTCACA","Lactococcus_lactis","PMID: 17028270","ccpA","TTTAAGCGTTCACA",158
"261","TGATATCGATAACA","Lactococcus_lactis","PMID: 17028270","ccpA","TGATATCGATAACA",159
"268","TTTAAACGTTTACC","Lactococcus_lactis","PMID: 17028270","ccpA","TTTAAACGTTTACC",160
"269","AGAATGCGTTTACA","Lactococcus_lactis","PMID: 17028270","ccpA","AGAATGCGTTTACA",161
"289","TGTCAGCATTTTCA","Lactococcus_lactis","PMID: 17028270","ccpA","TGTCAGCATTTTCA",162
"297","TGTAATCGGTTACA","Lactococcus_lactis","PMID: 17028270","ccpA","TGTAATCGGTTACA",163
"309","TGAAAGCACTGCCA","Lactococcus_lactis","PMID: 17028270","ccpA","TGAAAGCACTGCCA",164
"315","TGAAAGTGCTTGCA","Lactococcus_lactis","PMID: 17028270","ccpA","TGAAAGTGCTTGCA",165
"316","TGATAACGCTGACA","Lactococcus_lactis","PMID: 17028270","ccpA","TGATAACGCTGACA",166
"318","AGAAAGCGTTTTAT","Lactococcus_lactis","PMID: 17028270","ccpA","AGAAAGCGTTTTAT",167
"320","TGCGAACGCATTCA","Lactococcus_lactis","PMID: 17028270","ccpA","TGCGAACGCATTCA",168
"324","AGAAAGCGGACTCA","Lactococcus_lactis","PMID: 17028270","ccpA","AGAAAGCGGACTCA",169
"333","TAGAAGCGATAACA","Lactococcus_lactis","PMID: 17028270","ccpA","TAGAAGCGATAACA",170
"335","GGCAAACGTTATCA","Lactococcus_lactis","PMID: 17028270","ccpA","GGCAAACGTTATCA",171
"340","TGTATGCGTTTTAA","Lactococcus_lactis","PMID: 17028270","ccpA","TGTATGCGTTTTAA",172
"344","AGAAAGGGTTTTCT","Lactococcus_lactis","PMID: 17028270","ccpA","AGAAAGGGTTTTCT",173
"345","AGAAAGCGCTATAA","Lactococcus_lactis","PMID: 17028270","ccpA","AGAAAGCGCTATAA",174
"355","TTGACATCTTTCTGTTATCATACTATAAT","Lactococcus_lactis","PMID: 17028270","ccpA","TTGACATCTTTCTGTTATCATACTATAAT",175
"356","ATGCAATCTTAATAAAAATATTGATAAAAA","Lactococcus_lactis","PMID: 17028270","ccpA","ATGCAATCTTAATAAAAATATTGATAAAAA",176
"358","TTTACAAATTGCTCTAAAAAGGATATAAT","Lactococcus_lactis","PMID: 17028270","ccpA","TTTACAAATTGCTCTAAAAAGGATATAAT",177
"362","TTGAAAATCTAAATGAATCGGCTTATAAT","Lactococcus_lactis","PMID: 17028270","ccpA","TTGAAAATCTAAATGAATCGGCTTATAAT",178
"368","ATGAAATCAACTCTAAAGTATGATATAAT","Lactococcus_lactis","PMID: 17028270","ccpA","ATGAAATCAACTCTAAAGTATGATATAAT",179
"369","TTGCCAAATCTTTAAAAGGATTGGCAATAT","Lactococcus_lactis","PMID: 17028270","ccpA","TTGCCAAATCTTTAAAAGGATTGGCAATAT",180
"372","TATTCAATACTATCATTTTTCTTATATAAT","Lactococcus_lactis","PMID: 17028270","ccpA","TATTCAATACTATCATTTTTCTTATATAAT",181
"383","GTGATTTTTCAATAAAAATAGCGTAGAAT","Lactococcus_lactis","PMID: 17028270","ccpA","GTGATTTTTCAATAAAAATAGCGTAGAAT",182
"405","TTGACAAAAAATATGCATAGATGTATAAT","Lactococcus_lactis","PMID: 17028270","ccpA","TTGACAAAAAATATGCATAGATGTATAAT",183
"415","TTCAAAGAAAATTTGAAAAAGACTAAATT","Lactococcus_lactis","PMID: 17028270","ccpA","TTCAAAGAAAATTTGAAAAAGACTAAATT",184
"420","ATGACAAAAAGCCCAAAAATTGTGGTAGAAT","Lactococcus_lactis","PMID: 17028270","ccpA","ATGACAAAAAGCCCAAAAATTGTGGTAGAAT",185
"443","TTTACAGTCTTATTGGTAGCGGTTATAAT","Lactococcus_lactis","PMID: 17028270","ccpA","TTTACAGTCTTATTGGTAGCGGTTATAAT",186
"445","TTGAAAATTAATCAATAAAATCAAAAAAAT","Lactococcus_lactis","PMID: 17028270","ccpA","TTGAAAATTAATCAATAAAATCAAAAAAAT",187
"447","TATGAAAACCTTTGCAAAAGTGCTAAAAT","Lactococcus_lactis","PMID: 17028270","ccpA","TATGAAAACCTTTGCAAAAGTGCTAAAAT",188
"448","TTGCATTATGAAAATGAAAACGTTATAAT","Lactococcus_lactis","PMID: 17028270","ccpA","TTGCATTATGAAAATGAAAACGTTATAAT",189
"450","TTCTTTACTTTGCCTATTAATGCTATAAT","Lactococcus_lactis","PMID: 17028270","ccpA","TTCTTTACTTTGCCTATTAATGCTATAAT",190
"453","TTGCTGAAAACGTTTTTATGTGATACAAT","Lactococcus_lactis","PMID: 17028270","ccpA","TTGCTGAAAACGTTTTTATGTGATACAAT",191
"462","TTGACAAAAAGCAAACGGTTGCGTAAAAT","Lactococcus_lactis","PMID: 17028270","ccpA","TTGACAAAAAGCAAACGGTTGCGTAAAAT",192
"467","TATCAAAAACAATTAAAAAATGGTAAAAT","Lactococcus_lactis","PMID: 17028270","ccpA","TATCAAAAACAATTAAAAAATGGTAAAAT",193
"469","TTGACAGGTTGTTTTCCTGATGATATAAT","Lactococcus_lactis","PMID: 17028270","ccpA","TTGACAGGTTGTTTTCCTGATGATATAAT",194
"474","AAGAGATTTTTTTATAAATACGTGATATAAT","Lactococcus_lactis","PMID: 17028270","ccpA","AAGAGATTTTTTTATAAATACGTGATATAAT",195
"477","TAAAAAGTAAAGGCCAATTATGTTATAAT","Lactococcus_lactis","PMID: 17028270","ccpA","TAAAAAGTAAAGGCCAATTATGTTATAAT",196
"480","TTGTTCTAGATAAATTTTGTGATATAAT","Lactococcus_lactis","PMID: 17028270","ccpA","TTGTTCTAGATAAATTTTGTGATATAAT",197
"482","TTTAAGTTAGGGAAAAAAATTGTTAGAAT","Lactococcus_lactis","PMID: 17028270","ccpA","TTTAAGTTAGGGAAAAAAATTGTTAGAAT",198
"486","TTGGAAACCCTTTCTTAAACCAAAGTGTTATACT","Lactococcus_lactis","PMID: 17028270","ccpA","TTGGAAACCCTTTCTTAAACCAAAGTGTTATACT",199
"489","CTGAAAACGCTTTTTTTGTGATAAAAT","Lactococcus_lactis","PMID: 17028270","ccpA","CTGAAAACGCTTTTTTTGTGATAAAAT",200
"490","TTGTTAAAAAGCCGAAAAAGTGATAAAAT","Lactococcus_lactis","PMID: 17028270","ccpA","TTGTTAAAAAGCCGAAAAAGTGATAAAAT",201
"543","TTGAAAAGGTTTACAGTTCATGATATAAT","Lactococcus_lactis","PMID: 17028270","ccpA","TTGAAAAGGTTTACAGTTCATGATATAAT",202
"544","TTGCTAAACTTGTTTATATATGAGAGAAT","Lactococcus_lactis","PMID: 17028270","ccpA","TTGCTAAACTTGTTTATATATGAGAGAAT",203
"577","TTGACCTTTTTTGACCAATGAGTTATAAT","Lactococcus_lactis","PMID: 17028270","ccpA","TTGACCTTTTTTGACCAATGAGTTATAAT",204
"578","TTGTAAAGGCTTAAAAAAAGGGTTAGAAT","Lactococcus_lactis","PMID: 17028270","ccpA","TTGTAAAGGCTTAAAAAAAGGGTTAGAAT",205
"588","TAGCATTCTAATATAATTTATGATAGAAT","Lactococcus_lactis","PMID: 17028270","ccpA","TAGCATTCTAATATAATTTATGATAGAAT",206
"600","TTCTTATTTCTACAGTTTTGTGTTAAAAT","Lactococcus_lactis","PMID: 17028270","ccpA","TTCTTATTTCTACAGTTTTGTGTTAAAAT",207
"601","TTGTCAAAGATTAAAAATTATCGTAGAAT","Lactococcus_lactis","PMID: 17028270","ccpA","TTGTCAAAGATTAAAAATTATCGTAGAAT",208
"604","TGTTTTTTTTATTAAAAAAATGTTATAAT","Lactococcus_lactis","PMID: 17028270","ccpA","TGTTTTTTTTATTAAAAAAATGTTATAAT",209
"617","GATACAAAACGAGGTGAAAAGTGTTATAAT","Lactococcus_lactis","PMID: 17028270","ccpA","GATACAAAACGAGGTGAAAAGTGTTATAAT",210
"645","TTATCTTTTTGATTAAATAGTGCTAAAAT","Lactococcus_lactis","PMID: 17028270","ccpA","TTATCTTTTTGATTAAATAGTGCTAAAAT",211
"657","TATTTACTTTTGGAATTTAAATGCTACAAT","Lactococcus_lactis","PMID: 17028270","ccpA","TATTTACTTTTGGAATTTAAATGCTACAAT",212
"663","TTGCAAAGAATCTTTAATCTTGCTAGAAT","Lactococcus_lactis","PMID: 17028270","ccpA","TTGCAAAGAATCTTTAATCTTGCTAGAAT",213
"664","TTGATAACGCTGACAAATTTTCTGCTATAAT","Lactococcus_lactis","PMID: 17028270","ccpA","TTGATAACGCTGACAAATTTTCTGCTATAAT",214
"666","TAGACTTAAGTTAGAAAATAGGTTATAAA","Lactococcus_lactis","PMID: 17028270","ccpA","TAGACTTAAGTTAGAAAATAGGTTATAAA",215
"672","TCGCAAGAGAGGCTCAAATTTTATTAAAAT","Lactococcus_lactis","PMID: 17028270","ccpA","TCGCAAGAGAGGCTCAAATTTTATTAAAAT",216
"688","ATTTCAAATTTTTAGGCATTCGTGGTATAAT","Lactococcus_lactis","PMID: 17028270","ccpA","ATTTCAAATTTTTAGGCATTCGTGGTATAAT",217
"693","TTGTCATCTATAAAAGAAAGCGCTATAAT","Lactococcus_lactis","PMID: 17028270","ccpA","TTGTCATCTATAAAAGAAAGCGCTATAAT",218
"213","TTGTAAGCGTTATCA","Bacillus_amyloliquefaciens","PMID:37634771","ccpA","TTGTAAGCGTTATCA",219
"311","ATGTAAAGCGTTTGC","Bacillus_amyloliquefaciens","PMID:37634771","ccpA","ATGTAAAGCGTTTGC",220
"411","TTGAAGCGCTTTATT","Bacillus_amyloliquefaciens","PMID:37634771","ccpA","TTGAAGCGCTTTATT",221
"59","TTGAAGCGTTACCA","Bacillus_amyloliquefaciens","PMID:37634771","ccpA","TTGAAGCGTTACCA",222
"69","TTGAAACGTTTATA","Bacillus_amyloliquefaciens","PMID:37634771","ccpA","TTGAAACGTTTATA",223
"78","ATGTAAGCGTTAACA","Bacillus_amyloliquefaciens","PMID:37634771","ccpA","ATGTAAGCGTTAACA",224
"811","TTGAAGCGTTTTATTA","Bacillus_amyloliquefaciens","PMID:37634771","ccpA","TTGAAGCGTTTTATTA",225
"96","ATGAATACGTTACAA","Bacillus_amyloliquefaciens","PMID:37634771","ccpA","ATGAATACGTTACAA",226
"104","ATGAATACGTTTCCT","Bacillus_amyloliquefaciens","PMID:37634771","ccpA","ATGAATACGTTTCCT",227
"113","ATGAAGCGTTGACA","Bacillus_amyloliquefaciens","PMID:37634771","ccpA","ATGAAGCGTTGACA",228
"135","AAGAAAGCGCATACAT","Bacillus_amyloliquefaciens","PMID:37634771","ccpA","AAGAAAGCGCATACAT",229
"144","ATGTAAGCGGATTCAT","Bacillus_amyloliquefaciens","PMID:37634771","ccpA","ATGTAAGCGGATTCAT",230
"161","TTGAACCGCATACAC","Bacillus_amyloliquefaciens","PMID:37634771","ccpA","TTGAACCGCATACAC",231
"182","TTGACACCGCTTTCAT","Bacillus_amyloliquefaciens","PMID:37634771","ccpA","TTGACACCGCTTTCAT",232
"193","TTGAAGCGGTACCAT","Bacillus_amyloliquefaciens","PMID:37634771","ccpA","TTGAAGCGGTACCAT",233
"203","TTGAACCGCTTCCA","Bacillus_amyloliquefaciens","PMID:37634771","ccpA","TTGAACCGCTTCCA",234
"214","ATGAATACGTAACAA","Bacillus_amyloliquefaciens","PMID:37634771","ccpA","ATGAATACGTAACAA",235
"222","ATGGAAGCGCTGACAT","Bacillus_amyloliquefaciens","PMID:37634771","ccpA","ATGGAAGCGCTGACAT",236
"232","ATGAACGTTCATAA","Bacillus_amyloliquefaciens","PMID:37634771","ccpA","ATGAACGTTCATAA",237
"243","GTGAACGCTTAACA","Bacillus_amyloliquefaciens","PMID:37634771","ccpA","GTGAACGCTTAACA",238
"254","ATGAAGCGATTTTCAT","Bacillus_amyloliquefaciens","PMID:37634771","ccpA","ATGAAGCGATTTTCAT",239
"282","TTGAAGCGTTAATTT","Bacillus_amyloliquefaciens","PMID:37634771","ccpA","TTGAAGCGTTAATTT",240
"292","ATGAACGTTGTCAT","Bacillus_amyloliquefaciens","PMID:37634771","ccpA","ATGAACGTTGTCAT",241
"302","AAGAAAGCGTTTACAA","Bacillus_amyloliquefaciens","PMID:37634771","ccpA","AAGAAAGCGTTTACAA",242
"31","ATGAACGCTATCAT","Bacillus_amyloliquefaciens","PMID:37634771","ccpA","ATGAACGCTATCAT",243
"321","ATGAACGCTATAAT","Bacillus_amyloliquefaciens","PMID:37634771","ccpA","ATGAACGCTATAAT",244
"331","AAGAAAGCTTTTTG","Bacillus_amyloliquefaciens","PMID:37634771","ccpA","AAGAAAGCTTTTTG",245
"341","ATGTAAACGGTTACA","Bacillus_amyloliquefaciens","PMID:37634771","ccpA","ATGTAAACGGTTACA",246
"352","TGGAAACGCTTTCAG","Bacillus_amyloliquefaciens","PMID:37634771","ccpA","TGGAAACGCTTTCAG",247
"371","ATGAACGTTCATAA","Bacillus_amyloliquefaciens","PMID:37634771","ccpA","ATGAACGTTCATAA",248
"38","TTGAAGCGCAAACA","Bacillus_amyloliquefaciens","PMID:37634771","ccpA","TTGAAGCGCAAACA",249
"392","TTGAACGCTTTTAT","Bacillus_amyloliquefaciens","PMID:37634771","ccpA","TTGAACGCTTTTAT",250
"401","TTGAAGCGGTATCAT","Bacillus_amyloliquefaciens","PMID:37634771","ccpA","TTGAAGCGGTATCAT",251
"41","ATGAAGCGGATTCA","Bacillus_amyloliquefaciens","PMID:37634771 Gene","ccpA","ATGAAGCGGATTCA",252
"42","TTGAACGCTTTCTA","Bacillus_amyloliquefaciens","PMID:37634771 Gene","ccpA","TTGAACGCTTTCTA",253
"431","TTGCAAACGGATACA","Bacillus_amyloliquefaciens","PMID:37634771 Gene","ccpA","TTGCAAACGGATACA",254
"115","TGTAATCGTTAACAAA","Lactobacillus_plantarum","PMID: 29896178","ccpA","TGTAATCGTTAACAAA",255
"215","TGTAAAGCGCTTGCAT ","Lactobacillus_plantarum","PMID: 29896178","ccpA","TGTAAAGCGCTTGCAT ",256
"312","TGTCAAACGATTGACA","Lactobacillus_plantarum","PMID: 29896178","ccpA","TGTCAAACGATTGACA",257
"412","GTGTAAGCGGTTTTAT","Lactobacillus_plantarum","PMID: 29896178","ccpA","GTGTAAGCGGTTTTAT",258
"510","GTGGAATCGATTCCAA","Lactobacillus_plantarum","PMID: 29896178","ccpA","GTGGAATCGATTCCAA",259
"610","TGGAAACGATTCCAAA","Lactobacillus_plantarum","PMID: 29896178","ccpA","TGGAAACGATTCCAAA",260
"710","TGAAAACGCTTGACA","Tetragenococcus_halophila","PMID: 9647823","ccpA","TGAAAACGCTTGACA",261
"812","GAATTTTCAAATAA","Lactobacillus_sakei","PMID: 31134012","ccpA","GAATTTTCAAATAA",262
"98","TGTAATCGTTTGCA","Corynebacterium_glutamicum","PMID: 18375800","ccpA","TGTAATCGTTTGCA",263
"106","GCAATCGATTACAT","Corynebacterium_glutamicum","PMID: 18375800","ccpA","GCAATCGATTACAT",264
"116","TGAAAACGTTTGCA","Corynebacterium_glutamicum","PMID: 18375800","ccpA","TGAAAACGTTTGCA",265
"124","GCGAAAGCGCTTTTTT","Streptococcus_anginosus","Bauer, R., Mauerer, S. & Spellerberg, B. Regulation of the Î²-hemolysin gene cluster of Streptococcus anginosus by CcpA. Sci Rep 8, 9028 (2018). https://doi.org/10.1038/s41598-018-27334-z","ccpA","GCGAAAGCGCTTTTTT",266
"137","ATGAAAACGCTGTCATAA","Bacillus_anthracis","PMID: 20971911","ccpA","ATGAAAACGCTGTCATAA",267
"145","TGTAAACGTTTACT","Paenibacillus_polymyxa"," PMID: 35563415","ccpA","TGTAAACGTTTACT",268
"155","AATGAAAGAATTCGCAAT","Streptococcus_intermedius","PMID: 20624907","ccpA","AATGAAAGAATTCGCAAT",269
"162","AATGAAAGCATGCAAT","Streptococcus_intermedius","PMID: 20624907","ccpA","AATGAAAGCATGCAAT",270
"172","TGAAAGCGCAAACA","Bacillus_megaterium"," PMID: 12051938","ccpA","TGAAAGCGCAAACA",271
"183","TGAAAGCGCTAACA","Bacillus_megaterium"," PMID: 12051938","ccpA","TGAAAGCGCTAACA",272
"194","TGAAAGCGCTATAA","Bacillus_licheniformis","PMID: 33997685","ccpA","TGAAAGCGCTATAA",273
"205","AGACACCGCTTGGA","Bacillus_licheniformis","PMID: 33997685","ccpA","AGACACCGCTTGGA",274
"216","AAGGAACTTTCAGA","Bacillus_licheniformis","PMID: 33997685","ccpA","AAGGAACTTTCAGA",275
"223","TTGTTCGTTTTATTT","Streptococcus_anginosus","https://www.nature.com/articles/s41598-018-27334-z","ccpA","TTGTTCGTTTTATTT",276
"233","AAGAACGCGCTTTTTA","Streptococcus_anginosus","https://www.nature.com/articles/s41598-018-27334-z","ccpA","AAGAACGCGCTTTTTA",277
"244","TTTTTATTTTGTTTTA","Streptococcus_anginosus","https://www.nature.com/articles/s41598-018-27334-z","ccpA","TTTTTATTTTGTTTTA",278
"255","CGGAAAGCGCTTTTTT","Streptococcus_anginosus","https://www.nature.com/articles/s41598-018-27334-z","ccpA","CGGAAAGCGCTTTTTT",279
"264","TGTAAACGCTTTAT","Bacillus_thuringiensis","PMID: 26162881","ccpA","TGTAAACGCTTTAT",280
"273","AGAAAGCGTTTTCT","Bacillus_thuringiensis","PMID: 26162881","ccpA","AGAAAGCGTTTTCT",281
"283","AAGAAAACGTTTTC","Bacillus_thuringiensis","https://onlinelibrary.wiley.com/doi/full/10.1002/mlf2.12055","ccpA","AAGAAAACGTTTTC",282
"293","TGAAAGCGATTTCA","Lactobacillus_pentosus","PMID: 10618236","ccpA","TGAAAGCGATTTCA",283
"1100","ATATAATCGCTATCAA","Streptococcus_pneumoniae","CollecTF","CcpA","ATATAATCGCTATCAA",284
"217","AAGAATGCGTTTTTAT","Streptococcus_pneumoniae","CollecTF","CcpA","AAGAATGCGTTTTTAT",285
"353","TTGTAAACGGTTTCTA","Streptococcus_pneumoniae","CollecTF","CcpA","TTGTAAACGGTTTCTA",286
"413","GAGAAAGGGTTTACAT","Streptococcus_pneumoniae","CollecTF","CcpA","GAGAAAGGGTTTACAT",287
"511","TATTAAACGCTTCCAA","Streptococcus_pneumoniae","CollecTF","CcpA","TATTAAACGCTTCCAA",288
"612","TTTGTAAGCTATTCCAAAC","Streptococcus_pneumoniae","CollecTF","CcpA","TTTGTAAGCTATTCCAAAC",289
"711","ATTGACAACACTGCCAAAA","Streptococcus_pneumoniae","CollecTF","CcpA","ATTGACAACACTGCCAAAA",290
"813","ATCGAAAACGATAGCATCA","Streptococcus_pneumoniae","CollecTF","CcpA","ATCGAAAACGATAGCATCA",291
"910","ATTGTTACCGATCACATTC","Streptococcus_pneumoniae","CollecTF","CcpA","ATTGTTACCGATCACATTC",292
"1010","TGAAATCGAAACCAT","Streptococcus_pneumoniae","CollecTF","CcpA","TGAAATCGAAACCAT",293
"1110","TTAAATCGTTTTCA","Streptococcus_pneumoniae","CollecTF","CcpA","TTAAATCGTTTTCA",294
"1210","GGCAAACGCTTGCA","Streptococcus_pneumoniae","CollecTF","CcpA","GGCAAACGCTTGCA",295
"1310","GATGAAAATGGTATCATCT","Streptococcus_pneumoniae","CollecTF","CcpA","GATGAAAATGGTATCATCT",296
"1410","TATGAAAAAGCAATCACTC","Streptococcus_pneumoniae","CollecTF","CcpA","TATGAAAAAGCAATCACTC",297
"1510","TGTTATCTTTTTCAA","Streptococcus_pneumoniae","CollecTF","CcpA","TGTTATCTTTTTCAA",298
"1610","TGTCAAAGCTTTCAT","Streptococcus_pneumoniae","CollecTF","CcpA","TGTCAAAGCTTTCAT",299
"1710","TTAAAAACGCTTGCAA","Streptococcus_pneumoniae","CollecTF","CcpA","TTAAAAACGCTTGCAA",300
"1810","TGTAAACGATTTCA","Streptococcus_pneumoniae","CollecTF","CcpA","TGTAAACGATTTCA",301
"1910","TTAAACTGCTTTCA","Streptococcus_pneumoniae","CollecTF","CcpA","TTAAACTGCTTTCA",302
"206","AGAAAGCGTTTTCA","Streptococcus_pneumoniae","CollecTF","CcpA","AGAAAGCGTTTTCA",303
"219","TGTAATCGATTTCA","Streptococcus_pneumoniae","CollecTF","CcpA","TGTAATCGATTTCA",304
"224","TGCAACCGATTTAAA","Streptococcus_pneumoniae","CollecTF","CcpA","TGCAACCGATTTAAA",305
"235","TGAAATCGGTTACTT","Streptococcus_pneumoniae","CollecTF","CcpA","TGAAATCGGTTACTT",306
"245","ATGAAAGCGCAAACTT","Streptococcus_pneumoniae","CollecTF","CcpA","ATGAAAGCGCAAACTT",307
"257","ACAAAAACGCTTACAT","Streptococcus_pneumoniae","CollecTF","CcpA","ACAAAAACGCTTACAT",308
"265","TGGAAAAGGCTTTCTT","Streptococcus_pneumoniae","CollecTF","CcpA","TGGAAAAGGCTTTCTT",309
"274","ATGAAATCGGTATCTT","Streptococcus_pneumoniae","CollecTF","CcpA","ATGAAATCGGTATCTT",310
"284","TTGACAACGGTTTCAT","Streptococcus_pneumoniae","CollecTF","CcpA","TTGACAACGGTTTCAT",311
"2910","AAGCAAACGCTTACTT","Streptococcus_pneumoniae","CollecTF","CcpA","AAGCAAACGCTTACTT",312
"3010","ACGAAAACGTTTGCAC","Streptococcus_pneumoniae","CollecTF","CcpA","ACGAAAACGTTTGCAC",313
"3110","AAGTAATCGCTTTCTT","Streptococcus_pneumoniae","CollecTF","CcpA","AAGTAATCGCTTTCTT",314
"3210","CAGAAAACGCTTCCTA","Streptococcus_pneumoniae","CollecTF","CcpA","CAGAAAACGCTTCCTA",315
"3310","TATAAAGCGTTTTCAT","Streptococcus_pneumoniae","CollecTF","CcpA","TATAAAGCGTTTTCAT",316
"3410","ATGAAATCGCATACAA","Streptococcus_pneumoniae","CollecTF","CcpA","ATGAAATCGCATACAA",317
"354","ATGAAACCGTTTCCTT","Streptococcus_pneumoniae","CollecTF","CcpA","ATGAAACCGTTTCCTT",318
"363","GTGTAATCGTTTTCTT","Streptococcus_pneumoniae","CollecTF","CcpA","GTGTAATCGTTTTCTT",319
"373","TATAAAACGTTTTCAA","Streptococcus_pneumoniae","CollecTF","CcpA","TATAAAACGTTTTCAA",320
"381","ATGAAACTGTTTACAA","Streptococcus_pneumoniae","CollecTF","CcpA","ATGAAACTGTTTACAA",321
"393","TAGAAAGCGTTTTCTT","Streptococcus_pneumoniae","CollecTF","CcpA","TAGAAAGCGTTTTCTT",322
"402","AAGAAAGCGCTTTATT","Streptococcus_pneumoniae","CollecTF","CcpA","AAGAAAGCGCTTTATT",323
"414","AATGAAAGGGGTAACAAAT","Streptococcus_pneumoniae","CollecTF","CcpA","AATGAAAGGGGTAACAAAT",324
"421","TTTGTATTCGTTATCATTA","Streptococcus_pneumoniae","CollecTF","CcpA","TTTGTATTCGTTATCATTA",325
"432","CATGAAAAAGAAACCAATT","Streptococcus_pneumoniae","CollecTF","CcpA","CATGAAAAAGAAACCAATT",326
"441","AATGGAAAAGAATACACTC","Streptococcus_pneumoniae","CollecTF","CcpA","AATGGAAAAGAATACACTC",327
"451","AATGTTTGCGTTATCATTT","Streptococcus_pneumoniae","CollecTF","CcpA","AATGTTTGCGTTATCATTT",328
"461","AGTGTAAACGATAACAGGA","Streptococcus_pneumoniae","CollecTF","CcpA","AGTGTAAACGATAACAGGA",329
"471","TATGTAACCGGTAACACAT","Streptococcus_pneumoniae","CollecTF","CcpA","TATGTAACCGGTAACACAT",330
"481","ATTGAAAATGATGTCAACT","Streptococcus_pneumoniae","CollecTF","CcpA","ATTGAAAATGATGTCAACT",331
"491","GGCAAACGCTTGCA","Streptococcus_pneumoniae","CollecTF","CcpA","GGCAAACGCTTGCA",332
"501","TGTTATCTTTTTCAA","Streptococcus_pneumoniae","CollecTF","CcpA","TGTTATCTTTTTCAA",333
"512","TGTCAAAGCTTTCAT","Streptococcus_pneumoniae","CollecTF","CcpA","TGTCAAAGCTTTCAT",334
"521","TTAAAAACGCTTGCAA","Streptococcus_pneumoniae","CollecTF","CcpA","TTAAAAACGCTTGCAA",335
"531","GATGAAAATGGTATCATCT","Streptococcus_pneumoniae","CollecTF","CcpA","GATGAAAATGGTATCATCT",336
"541","TATGAAAAAGCAATCACTC","Streptococcus_pneumoniae","CollecTF","CcpA","TATGAAAAAGCAATCACTC",337
"551","TGTAAGGGCTATCA","Lactobacillus_plantarum","CollecTF","CcpA","TGTAAGGGCTATCA",338
"562","AAGGAAACGCTTTCAT","Streptococcus_suis","CollecTF","CcpA","AAGGAAACGCTTTCAT",339
"571","ATGTGAGCGTTTTCAA","Streptococcus_suis","CollecTF","CcpA","ATGTGAGCGTTTTCAA",340
"581","TTGAAAACACTTTCTA","Streptococcus_suis","CollecTF","CcpA","TTGAAAACACTTTCTA",341
"591","GTTTTTCATTTATTTTCAAGT","Streptococcus_suis","CollecTF","CcpA","GTTTTTCATTTATTTTCAAGT",342
"602","ATGGAAGCGTTTTCTT","Streptococcus_suis","CollecTF","CcpA","ATGGAAGCGTTTTCTT",343
"613","ATGGAAGCGTTTTCAA","Streptococcus_suis","CollecTF","CcpA","ATGGAAGCGTTTTCAA",344
"621","ATGTAAACATTTTCAA","Streptococcus_suis","CollecTF","CcpA","ATGTAAACATTTTCAA",345
"631","ATTGAACCGTTTTCTT","Streptococcus_suis","CollecTF","CcpA","ATTGAACCGTTTTCTT",346
"641","GGTTTTCACAAAAATTTCTGT","Streptococcus_suis","CollecTF","CcpA","GGTTTTCACAAAAATTTCTGT",347
"651","CTTTTTCTATCCTTTTTTCAC","Streptococcus_suis","CollecTF","CcpA","CTTTTTCTATCCTTTTTTCAC",348
"661","CTTTTTCAAATCCTTTCCCTT","Streptococcus_suis","CollecTF","CcpA","CTTTTTCAAATCCTTTCCCTT",349
"673","TTATTTCAAAGATTTTCCAAT","Streptococcus_suis","CollecTF","CcpA","TTATTTCAAAGATTTTCCAAT",350
"681","TTGAAAACTTTTTCTA","Streptococcus_suis","CollecTF","CcpA","TTGAAAACTTTTTCTA",351
"691","GTTTTTCTGAAATTTTCATAC","Streptococcus_suis","CollecTF","CcpA","GTTTTTCTGAAATTTTCATAC",352
"701","ATTTTTCAGAAAATTTCCATT","Streptococcus_suis","CollecTF","CcpA","ATTTTTCAGAAAATTTCCATT",353
"712","AATTTTCAGAAAATTTCTTGA","Streptococcus_suis","CollecTF","CcpA","AATTTTCAGAAAATTTCTTGA",354
"722","TTTTTTCATAAATTTTCAGTT","Streptococcus_suis","CollecTF","CcpA","TTTTTTCATAAATTTTCAGTT",355
"731","CTTTTTCTTTAATTTTATCTA","Streptococcus_suis","CollecTF","CcpA","CTTTTTCTTTAATTTTATCTA",356
"741","CTTTTTCATAAATTTTGCCTT","Streptococcus_suis","CollecTF","CcpA","CTTTTTCATAAATTTTGCCTT",357
"751","TCTTTTCATAAAAATTCCAAT","Streptococcus_suis","CollecTF","CcpA","TCTTTTCATAAAAATTCCAAT",358
"761","TGTTTTCCGAAATATTTTCAT","Streptococcus_suis","CollecTF","CcpA","TGTTTTCCGAAATATTTTCAT",359
"771","GATTTTCAGTACATTTTTCAC","Streptococcus_suis","CollecTF","CcpA","GATTTTCAGTACATTTTTCAC",360
"781","GAGTAAACGTTTTCTT","Streptococcus_suis","CollecTF","CcpA","GAGTAAACGTTTTCTT",361
"791","TTGTAATCGTTTTCTT","Streptococcus_suis","CollecTF","CcpA","TTGTAATCGTTTTCTT",362
"80","TATTAAACGCTTTCAT","Streptococcus_suis","CollecTF","CcpA","TATTAAACGCTTTCAT",363
"814","AAGGAAACGCTTTCAT","Streptococcus_suis","CollecTF","CcpA","AAGGAAACGCTTTCAT",364
"821","TATTTTCATTTTTCTTTTCAA","Streptococcus_suis","CollecTF","CcpA","TATTTTCATTTTTCTTTTCAA",365
"831","CTCTTTCAAGCTATTTTCAAC","Streptococcus_suis","CollecTF","CcpA","CTCTTTCAAGCTATTTTCAAC",366
"841","GAGATAGCGCTTACAT","Streptococcus_suis","CollecTF","CcpA","GAGATAGCGCTTACAT",367
"851","TTGTAAACGTTTTCTT","Streptococcus_suis","CollecTF","CcpA","TTGTAAACGTTTTCTT",368
"861","TTTTTTCTTGAAAAATCCCTT","Streptococcus_suis","CollecTF","CcpA","TTTTTTCTTGAAAAATCCCTT",369
"871","TATTCTCAAGCATTTTTTCAA","Streptococcus_suis","CollecTF","CcpA","TATTCTCAAGCATTTTTTCAA",370
"881","TTGTAAGCCTTTTCTT","Streptococcus_suis","CollecTF","CcpA","TTGTAAGCCTTTTCTT",371
"891","TTTTTTCAAGAAATTTATCAA","Streptococcus_suis","CollecTF","CcpA","TTTTTTCAAGAAATTTATCAA",372
"902","AAGAAAACGTTTGCAA","Streptococcus_suis","CollecTF","CcpA","AAGAAAACGTTTGCAA",373
"912","ATAAAAACGCTTGCAA","Streptococcus_suis","CollecTF","CcpA","ATAAAAACGCTTGCAA",374
"921","ATTAAAACGCTTTCTT","Streptococcus_suis","CollecTF","CcpA","ATTAAAACGCTTTCTT",375
"931","ATGAAAACCCTTTCTT","Streptococcus_suis","CollecTF","CcpA","ATGAAAACCCTTTCTT",376
"941","TTGCAACCGTTTTCTT","Streptococcus_suis","CollecTF","CcpA","TTGCAACCGTTTTCTT",377
"952","TTGCAAGCATTTTCTA","Streptococcus_suis","CollecTF","CcpA","TTGCAAGCATTTTCTA",378
"961","TTGTTTCATGACATTTTTGGC","Streptococcus_suis","CollecTF","CcpA","TTGTTTCATGACATTTTTGGC",379
"971","CATTTTCATAACCTTTCTGTA","Streptococcus_suis","CollecTF","CcpA","CATTTTCATAACCTTTCTGTA",380
"981","GCGTAACCGTTTTCTT","Streptococcus_suis","CollecTF","CcpA","GCGTAACCGTTTTCTT",381
"991","GCTTTTCCGTAATATTTTAAA","Streptococcus_suis","CollecTF","CcpA","GCTTTTCCGTAATATTTTAAA",382
"1001","TCGAAAACGATTTCAA","Streptococcus_suis","CollecTF","CcpA","TCGAAAACGATTTCAA",383
"1011","GCTTTTCAATTTGTTTTCAGT","Streptococcus_suis","CollecTF","CcpA","GCTTTTCAATTTGTTTTCAGT",384
"1021","CAGAAAACGGTTACAA","Streptococcus_suis","CollecTF","CcpA","CAGAAAACGGTTACAA",385
"1031","TTGAAACCACTTTCAA","Streptococcus_suis","CollecTF","CcpA","TTGAAACCACTTTCAA",386
"1041","TCTTTTCTGAAAATATTTTGT","Streptococcus_suis","CollecTF","CcpA","TCTTTTCTGAAAATATTTTGT",387
"1051","GTGCAAACGTTTTCTT","Streptococcus_suis","CollecTF","CcpA","GTGCAAACGTTTTCTT",388
"1061","AAGATAACGTTTTCCA","Streptococcus_suis","CollecTF","CcpA","AAGATAACGTTTTCCA",389
"107","TTTTTTCCAAATTTTTCTCAC","Streptococcus_suis","CollecTF","CcpA","TTTTTTCCAAATTTTTCTCAC",390
"108","TATTTTCAAGTTCATTTTCAT","Streptococcus_suis","CollecTF","CcpA","TATTTTCAAGTTCATTTTCAT",391
"109","CTTTTTCATAACTTTTCCTCC","Streptococcus_suis","CollecTF","CcpA","CTTTTTCATAACTTTTCCTCC",392
"1101","CATTTTCTTTCCAATTTTCAA","Streptococcus_suis","CollecTF","CcpA","CATTTTCTTTCCAATTTTCAA",393
"1111","CCTTTTCTGACATTTTTCTCT","Streptococcus_suis","CollecTF","CcpA","CCTTTTCTGACATTTTTCTCT",394
"1121","ATAGAAGCGTTTTCAT","Streptococcus_suis","CollecTF","CcpA","ATAGAAGCGTTTTCAT",395
"1131","ACTTTTCTTTCAATTTTCCAA","Streptococcus_suis","CollecTF","CcpA","ACTTTTCTTTCAATTTTCCAA",396
"1141","TTTTTTCATTTCATTTTTTCC","Streptococcus_suis","CollecTF","CcpA","TTTTTTCATTTCATTTTTTCC",397
"1151","CTTTTTCAATAAGTTTTCATC","Streptococcus_suis","CollecTF","CcpA","CTTTTTCAATAAGTTTTCATC",398
"1161","AAGGAAAATCTTACAC","Streptococcus_suis","CollecTF","CcpA","AAGGAAAATCTTACAC",399
"117","GATTTTCCTTCATTCTTTCAT","Streptococcus_suis","CollecTF","CcpA","GATTTTCCTTCATTCTTTCAT",400
"118","TTTTTTCAATAATTTTACTGT","Streptococcus_suis","CollecTF","CcpA","TTTTTTCAATAATTTTACTGT",401
"1191","CCCTTTCTTTCATTTTTTCAA","Streptococcus_suis","CollecTF","CcpA","CCCTTTCTTTCATTTTTTCAA",402
"120","GAGAGAACGGTTTCTA","Streptococcus_suis","CollecTF","CcpA","GAGAGAACGGTTTCTA",403
"1211","TTTTTTCAATGATTTTCTGAT","Streptococcus_suis","CollecTF","CcpA","TTTTTTCAATGATTTTCTGAT",404
"1221","GATTTTCTGGATATTTTCACC","Streptococcus_suis","CollecTF","CcpA","GATTTTCTGGATATTTTCACC",405
"1231","ATGATAACGCTTTCTT","Streptococcus_suis","CollecTF","CcpA","ATGATAACGCTTTCTT",406
"1241","CATTTTCCTAACCATTTTCAC","Streptococcus_suis","CollecTF","CcpA","CATTTTCCTAACCATTTTCAC",407
"125","ATTTTTCAAGCCTATTTCAGT","Streptococcus_suis","CollecTF","CcpA","ATTTTTCAAGCCTATTTCAGT",408
"1261","GATTTTCAGAAAGATGTTCAA","Streptococcus_suis","CollecTF","CcpA","GATTTTCAGAAAGATGTTCAA",409
"127","TCTTTTCATGCACCTTTTCAT","Streptococcus_suis","CollecTF","CcpA","TCTTTTCATGCACCTTTTCAT",410
"128","TCTTTTCAAAATTATTTCTCT","Streptococcus_suis","CollecTF","CcpA","TCTTTTCAAAATTATTTCTCT",411
"1291","GTTTTTCCTGAAAATTCCGTA","Streptococcus_suis","CollecTF","CcpA","GTTTTTCCTGAAAATTCCGTA",412
"130","GTTTTTCCAACAATTTCCGGA","Streptococcus_suis","CollecTF","CcpA","GTTTTTCCAACAATTTCCGGA",413
"1311","TTTTTTCAAGAAAATTTACAA","Streptococcus_suis","CollecTF","CcpA","TTTTTTCAAGAAAATTTACAA",414
"1321","GAAGGAACGATGACAA","Bacillus_subtilis","CollecTF","CcpA","GAAGGAACGATGACAA",415
"1331","TGAAAGCGCTTTAT","Bacillus_subtilis","CollecTF","CcpA","TGAAAGCGCTTTAT",416
"1341","TGAAAGCGTTACCA","Bacillus_subtilis","CollecTF","CcpA","TGAAAGCGTTACCA",417
"1351","TGAAAACGCTTTAT","Bacillus_subtilis","CollecTF","CcpA","TGAAAACGCTTTAT",418
"1361","TGTAAGCGTTAACA","Bacillus_subtilis","CollecTF","CcpA","TGTAAGCGTTAACA",419
"1371","TGAAAGCGTTGACA","Bacillus_subtilis","CollecTF","CcpA","TGAAAGCGTTGACA",420
"1381","TGTAAGCGTATACA","Bacillus_subtilis","CollecTF","CcpA","TGTAAGCGTATACA",421
"139","TGTAAGCGGATTCA","Bacillus_subtilis","CollecTF","CcpA","TGTAAGCGGATTCA",422
"140","TGAATGCGGTTACA","Bacillus_subtilis","CollecTF","CcpA","TGAATGCGGTTACA",423
"1411","TGAAAACGCTATCA","Bacillus_subtilis","CollecTF","CcpA","TGAAAACGCTATCA",424
"1421","TGACACCGCTTTCA","Bacillus_subtilis","CollecTF","CcpA","TGACACCGCTTTCA",425
"1431","TGTAAGCGTTTTAA","Bacillus_subtilis","CollecTF","CcpA","TGTAAGCGTTTTAA",426
"1441","TGAAAGCGTTTAAT","Bacillus_subtilis","CollecTF","CcpA","TGAAAGCGTTTAAT",427
"1451","TGAAAACGTTGTCA","Bacillus_subtilis","CollecTF","CcpA","TGAAAACGTTGTCA",428
"146","TGTAAACGGTTTCT","Bacillus_subtilis","CollecTF","CcpA","TGTAAACGGTTTCT",429
"147","AGAAAGCGTTTACA","Bacillus_subtilis","CollecTF","CcpA","AGAAAGCGTTTACA",430
"148","TGTAAACGGTTACA","Bacillus_subtilis","CollecTF","CcpA","TGTAAACGGTTACA",431
"1491","TTAAAGCGCTTACA","Bacillus_subtilis","CollecTF","CcpA","TTAAAGCGCTTACA",432
"150","CGAAAACGCTATCA","Bacillus_subtilis","CollecTF","CcpA","CGAAAACGCTATCA",433
"1511","TGAAAGCGCAGTCT","Bacillus_subtilis","CollecTF","CcpA","TGAAAGCGCAGTCT",434
"1521","TGAAAACGCTTGCA","Bacillus_subtilis","CollecTF","CcpA","TGAAAACGCTTGCA",435
"1531","TGAAAGCGTTATCA","Bacillus_subtilis","CollecTF","CcpA","TGAAAGCGTTATCA",436
"1541","TAAAAGCGCTTACA","Bacillus_subtilis","CollecTF","CcpA","TAAAAGCGCTTACA",437
"1551","TGGAAGCGCAAACA","Bacillus_subtilis","CollecTF","CcpA","TGGAAGCGCAAACA",438
"156","TGAAAGCGCTTTTA","Bacillus_subtilis","CollecTF","CcpA","TGAAAGCGCTTTTA",439
"157","AGAAAACGCTTTCT","Bacillus_subtilis","CollecTF","CcpA","AGAAAACGCTTTCT",440
"158","TGAAAGCGGTTCAA","Bacillus_subtilis","CollecTF","CcpA","TGAAAGCGGTTCAA",441
"159","TGCAAGGGCTTTCA","Bacillus_subtilis","CollecTF","CcpA","TGCAAGGGCTTTCA",442
"160","TGATAGCGTTTTCT","Bacillus_subtilis","CollecTF","CcpA","TGATAGCGTTTTCT",443
"1611","TGTAAGCGTTTGCT","Bacillus_subtilis","CollecTF","CcpA","TGTAAGCGTTTGCT",444
"1621","TGAAAGCGCTATCT","Bacillus_subtilis","CollecTF","CcpA","TGAAAGCGCTATCT",445
"163","TTAAAGCGCTTTCA","Bacillus_subtilis","CollecTF","CcpA","TTAAAGCGCTTTCA",446
"164","TGTAAGCGCTTTCT","Bacillus_subtilis","CollecTF","CcpA","TGTAAGCGCTTTCT",447
"165","TGTAAGCGTTTGCT","Bacillus_subtilis","CollecTF","CcpA","TGTAAGCGTTTGCT",448
"166","TGTAAGCATTTTCT","Bacillus_subtilis","CollecTF","CcpA","TGTAAGCATTTTCT",449
"167","TGAAAACGGTGCCA","Bacillus_subtilis","CollecTF","CcpA","TGAAAACGGTGCCA",450
"168","TGAAATGAATCGTT","Bacillus_subtilis","CollecTF","CcpA","TGAAATGAATCGTT",451
"169","TGAAAACGGTTTAT","Bacillus_subtilis","CollecTF","CcpA","TGAAAACGGTTTAT",452
"170","TGAAAGTGTTTGCA","Bacillus_subtilis","CollecTF","CcpA","TGAAAGTGTTTGCA",453
"1711","TGAAAGCGGTACCA","Bacillus_subtilis","CollecTF","CcpA","TGAAAGCGGTACCA",454
"1721","TGAAACCGCTTCCA","Bacillus_subtilis","CollecTF","CcpA","TGAAACCGCTTCCA",455
"173","TGAAAACGTTATCA","Bacillus_subtilis","CollecTF","CcpA","TGAAAACGTTATCA",456
"174","TGAAAACGCTTAAC","Bacillus_subtilis","CollecTF","CcpA","TGAAAACGCTTAAC",457
"175","TGTAAACGTTATCA","Bacillus_subtilis","CollecTF","CcpA","TGTAAACGTTATCA",458
"176","TGAAAGCGTTTTAG","Bacillus_subtilis","CollecTF","CcpA","TGAAAGCGTTTTAG",459
"177","TGTAACCGCTTACT","Bacillus_subtilis","CollecTF","CcpA","TGTAACCGCTTACT",460
"178","TGAAAGCGTTTTAT","Bacillus_subtilis","CollecTF","CcpA","TGAAAGCGTTTTAT",461
"179","TGGAAGCGTTTTTA","Bacillus_subtilis","CollecTF","CcpA","TGGAAGCGTTTTTA",462
"1801","TGAAAACGTTTTTT","Bacillus_subtilis","CollecTF","CcpA","TGAAAACGTTTTTT",463
"1811","TAAAAACGCTTTCT","Bacillus_subtilis","CollecTF","CcpA","TAAAAACGCTTTCT",464
"1821","GGAAAACGCTTTCA","Bacillus_subtilis","CollecTF","CcpA","GGAAAACGCTTTCA",465
"1831","TGTAAGCGGTATCT","Bacillus_subtilis","CollecTF","CcpA","TGTAAGCGGTATCT",466
"184","TGAAAACGCGATCA","Bacillus_subtilis","CollecTF","CcpA","TGAAAACGCGATCA",467
"185","AGAAAGCGCTTACG","Bacillus_subtilis","CollecTF","CcpA","AGAAAGCGCTTACG",468
"186","TGAAAACGTGTCCA","Bacillus_subtilis","CollecTF","CcpA","TGAAAACGTGTCCA",469
"187","TGAAAGCGTTTTCC","Bacillus_subtilis","CollecTF","CcpA","TGAAAGCGTTTTCC",470
"188","AGAAAGCGGTTACA","Bacillus_subtilis","CollecTF","CcpA","AGAAAGCGGTTACA",471
"189","TGTAAACGGTTACA","Bacillus_subtilis","CollecTF","CcpA","TGTAAACGGTTACA",472
"190","TGAAAGCGCTTTCT","Bacillus_subtilis","CollecTF","CcpA","TGAAAGCGCTTTCT",473
"1911","TGAAAACGCTATCG","Bacillus_subtilis","CollecTF","CcpA","TGAAAACGCTATCG",474
"1921","TGAAAATGTTTACA","Bacillus_subtilis","CollecTF","CcpA","TGAAAATGTTTACA",475
"1931","TGTAAGCGCTTTAT","Bacillus_subtilis","CollecTF","CcpA","TGTAAGCGCTTTAT",476
"1941","TGAAAGCGTTTTTT","Bacillus_subtilis","CollecTF","CcpA","TGAAAGCGTTTTTT",477
"1951","TGAATGCGCTTTCT","Bacillus_subtilis","CollecTF","CcpA","TGAATGCGCTTTCT",478
"1961","TGAAAACGGATACA","Bacillus_subtilis","CollecTF","CcpA","TGAAAACGGATACA",479
"197","TGTAACCGCTTTCT","Bacillus_subtilis","CollecTF","CcpA","TGTAACCGCTTTCT",480
"198","TTGAAACGCTTTCA","Bacillus_subtilis","CollecTF","CcpA","TTGAAACGCTTTCA",481
"199","TGTAAGCGGTTTAT","Bacillus_subtilis","CollecTF","CcpA","TGTAAGCGGTTTAT",482
"2001","TGAAAGCGTAACCA","Bacillus_subtilis","CollecTF","CcpA","TGAAAGCGTAACCA",483
"2011","TGAAAGCGTATACA","Bacillus_subtilis","CollecTF","CcpA","TGAAAGCGTATACA",484
"2021","TGAAAGCGTTTTAT","Bacillus_subtilis","CollecTF","CcpA","TGAAAGCGTTTTAT",485
"2031","TGAAAGCGCTCGCT","Bacillus_subtilis","CollecTF","CcpA","TGAAAGCGCTCGCT",486
"2041","TGACAGCGCTATCA","Streptococcus_oligofermentans","CollecTF","CcpA","TGACAGCGCTATCA",487
"2051","TGAAAACGTTTTAT","Streptococcus_oligofermentans","CollecTF","CcpA","TGAAAACGTTTTAT",488
"208","AATGAAAGCGTTAGCAAT","Streptococcus_intermedius","CollecTF","CcpA","AATGAAAGCGTTAGCAAT",489
"209","AGTAAAATGTAAGCATTTTCTTTTTGG","Bacillus_subtilis","CollecTF","CcpA","AGTAAAATGTAAGCATTTTCTTTTTGG",490
"2101","TGTAAGCGTTTGCT","Lactobacillus_plantarum","CollecTF","CcpA","TGTAAGCGTTTGCT",491
"2121","ATGAAAGCGTATACA","Bacillus_subtilis","CollecTF","CcpA","ATGAAAGCGTATACA",492
"2131","TATGTAAACGTTTACACA","Staphylococcus_aureus","CollecTF","CcpA","TATGTAAACGTTTACACA",493
"2141","TGTAAGGGCTATCA","Lactobacillus_plantarum","CollecTF","CcpA","TGTAAGGGCTATCA",494
"2151","CTTGAAGCGTTTTCAT","Streptococcus_gordonii","CollecTF","CcpA","CTTGAAGCGTTTTCAT",495
"2161","ATGGAAATGTTTTCAA","Streptococcus_gordonii","CollecTF","CcpA","ATGGAAATGTTTTCAA",496
"294","TGAAAGCGATTTATC","Streptococcus_lutetiensis","CollecTF","CcpA","TGAAAGCGATTTATC",497
"295","GAGAAAATGTTTACAG","Clostridioides_difficile","CollecTF","CcpA","GAGAAAATGTTTACAG",498
"296","AAGAAAACGTTATTAC","Clostridioides_difficile","CollecTF","CcpA","AAGAAAACGTTATTAC",499
"2971","AGTAAAACGGTTTCCT","Clostridioides_difficile","CollecTF","CcpA","AGTAAAACGGTTTCCT",500
"298","AGGAAAACGTTATGCT","Clostridioides_difficile","CollecTF","CcpA","AGGAAAACGTTATGCT",501
"299","TCAAAAAGATTTTCAT","Clostridioides_difficile","CollecTF","CcpA","TCAAAAAGATTTTCAT",502
"300","AAGAAAACGTTAAGCA","Clostridioides_difficile","CollecTF","CcpA","AAGAAAACGTTAAGCA",503
"3011","AGGAAAACGTATTATA","Clostridioides_difficile","CollecTF","CcpA","AGGAAAACGTATTATA",504
"3021","GAGAAAAGGATTTCTA","Clostridioides_difficile","CollecTF","CcpA","GAGAAAAGGATTTCTA",505
"3031","AGAAAAACGTTAACTT","Clostridioides_difficile","CollecTF","CcpA","AGAAAAACGTTAACTT",506
"304","ATGATAACATTTTCTT","Clostridioides_difficile","CollecTF","CcpA","ATGATAACATTTTCTT",507
"305","GGGAAAACGATACCAA","Clostridioides_difficile","CollecTF","CcpA","GGGAAAACGATACCAA",508
"306","GAGAAAAAGACATCAT","Clostridioides_difficile","CollecTF","CcpA","GAGAAAAAGACATCAT",509
"307","AGGAAATGGTATTTGT","Clostridioides_difficile","CollecTF","CcpA","AGGAAATGGTATTTGT",510
"308","AAGAAAACCTTATCTA","Clostridioides_difficile","CollecTF","CcpA","AAGAAAACCTTATCTA",511
"3091","GAGAAAAGGTTTCCAA","Clostridioides_difficile","CollecTF","CcpA","GAGAAAAGGTTTCCAA",512
"3101","GAAAAAATGTTTTTTT","Clostridioides_difficile","CollecTF","CcpA","GAAAAAATGTTTTTTT",513
"3111","TGTAAAAAGTTTAGTT","Clostridioides_difficile","CollecTF","CcpA","TGTAAAAAGTTTAGTT",514
"3121","AGGAAATAGTTAACTT","Clostridioides_difficile","CollecTF","CcpA","AGGAAATAGTTAACTT",515
"313","TAGAAAACGTTTTAAA","Clostridioides_difficile","CollecTF","CcpA","TAGAAAACGTTTTAAA",516
"314","AAGAAAGCGTTTTGAA","Clostridioides_difficile","CollecTF","CcpA","AAGAAAGCGTTTTGAA",517
"3151","AAGATAACGATTGCTT","Clostridioides_difficile","CollecTF","CcpA","AAGATAACGATTGCTT",518
"3161","AAGAAAACGATTTTGT","Clostridioides_difficile","CollecTF","CcpA","AAGAAAACGATTTTGT",519
"317","TAGAAAAGGTTATCAT","Clostridioides_difficile","CollecTF","CcpA","TAGAAAAGGTTATCAT",520
"3181","TTGAAAACGTTTAGTG","Clostridioides_difficile","CollecTF","CcpA","TTGAAAACGTTTAGTG",521
"319","AGGAAATAGATAAGTT","Clostridioides_difficile","CollecTF","CcpA","AGGAAATAGATAAGTT",522
"3201","GAGAAAAGGTTTTGTT","Clostridioides_difficile","CollecTF","CcpA","GAGAAAAGGTTTTGTT",523
"3211","TATAAAACGTTTTCTT","Clostridioides_difficile","CollecTF","CcpA","TATAAAACGTTTTCTT",524
"322","AAATAAAGGTTTTCTT","Clostridioides_difficile","CollecTF","CcpA","AAATAAAGGTTTTCTT",525
"323","TAGAAAATGTTTGCAG","Clostridioides_difficile","CollecTF","CcpA","TAGAAAATGTTTGCAG",526
"3241","GAGAAAAAATTATAAA","Clostridioides_difficile","CollecTF","CcpA","GAGAAAAAATTATAAA",527
"325","AAGAAAAAGTTTTCAT","Clostridioides_difficile","CollecTF","CcpA","AAGAAAAAGTTTTCAT",528
"326","AAGAAATCGTTTCTTT","Clostridioides_difficile","CollecTF","CcpA","AAGAAATCGTTTCTTT",529
"327","GGGAAAACATTTTCTT","Clostridioides_difficile","CollecTF","CcpA","GGGAAAACATTTTCTT",530
"328","AAGATAAAATTTTTTT","Clostridioides_difficile","CollecTF","CcpA","AAGATAAAATTTTTTT",531
"329","CAGAAAAGGTTTGCAA","Clostridioides_difficile","CollecTF","CcpA","CAGAAAAGGTTTGCAA",532
"330","GAGAAAAGGTATGCAA","Clostridioides_difficile","CollecTF","CcpA","GAGAAAAGGTATGCAA",533
"3311","TTGAAAAAGATTACTA","Clostridioides_difficile","CollecTF","CcpA","TTGAAAAAGATTACTA",534
"332","TGGAAATAGTTTTCTT","Clostridioides_difficile","CollecTF","CcpA","TGGAAATAGTTTTCTT",535
"3331","AGGATAACGTTATCAT","Clostridioides_difficile","CollecTF","CcpA","AGGATAACGTTATCAT",536
"334","GAGAAAAAATATACAA","Clostridioides_difficile","CollecTF","CcpA","GAGAAAAAATATACAA",537
"3351","ATGTAAACGTTATCTT","Clostridioides_difficile","CollecTF","CcpA","ATGTAAACGTTATCTT",538
"336","AAGAAAAAAATAGGTT","Clostridioides_difficile","CollecTF","CcpA","AAGAAAAAAATAGGTT",539
"337","GGGAAAACGTTAACAA","Clostridioides_difficile","CollecTF","CcpA","GGGAAAACGTTAACAA",540
"338","TAGATAAGGTTTTCTT","Clostridioides_difficile","CollecTF","CcpA","TAGATAAGGTTTTCTT",541
"339","ATGAAAAAGTTTTCTT","Clostridioides_difficile","CollecTF","CcpA","ATGAAAAAGTTTTCTT",542
"3401","AGGAGAACATTATCAA","Clostridioides_difficile","CollecTF","CcpA","AGGAGAACATTATCAA",543
"3411","TAGATTTGGTTTAAAT","Clostridioides_difficile","CollecTF","CcpA","TAGATTTGGTTTAAAT",544
"342","GAGTTAACGTTTTCAA","Clostridioides_difficile","CollecTF","CcpA","GAGTTAACGTTTTCAA",545
"343","GAGAAAATGTTTACAA","Clostridioides_difficile","CollecTF","CcpA","GAGAAAATGTTTACAA",546
"3441","CTGATAACGTTTTCTA","Clostridioides_difficile","CollecTF","CcpA","CTGATAACGTTTTCTA",547
"3451","AAGAAAAGGCTTTCTA","Clostridioides_difficile","CollecTF","CcpA","AAGAAAAGGCTTTCTA",548
"346","AAGAAAACATTTTCAT","Clostridioides_difficile","CollecTF","CcpA","AAGAAAACATTTTCAT",549
"347","TGTAAACGGTGACA","Enterococcus_faecalis","CollecTF","CcpA","TGTAAACGGTGACA",550
"348","TGTAAGCGTTAACA","Enterococcus_faecalis","CollecTF","CcpA","TGTAAGCGTTAACA",551
"349","TGAAAGCGTTATCCA","Enterococcus_faecalis","CollecTF","CcpA","TGAAAGCGTTATCCA",552
"350","ATAAAACGTTTACA","Lactobacillus_casei","CollecTF","CcpA","ATAAAACGTTTACA",553
"1102","TGAAAGCGCTAACA","Bacillus_megaterium","PRODORIC","CcpA","TGAAAGCGCTAACA",554
"220","GTAAAACGATGAAA","Bacillus_megaterium","PRODORIC","CcpA","GTAAAACGATGAAA",555
"357","TGAAAGCGTTAACA","Bacillus_megaterium","PRODORIC","CcpA","TGAAAGCGTTAACA",556
"416","TGATAAGGTTTTCA","Bacillus_megaterium","PRODORIC","CcpA","TGATAAGGTTTTCA",557
"513","TGATAACGTTTTCT","Bacillus_megaterium","PRODORIC","CcpA","TGATAACGTTTTCT",558
"614","AAGATAACGATTGCTT","Clostridioides_difficile","PRODORIC","CcpA","AAGATAACGATTGCTT",559
"713","GAGAAAAGGTTTTGTT","Clostridioides_difficile","PRODORIC","CcpA","GAGAAAAGGTTTTGTT",560
"815","GAGAAAATGTTTACAA","Clostridioides_difficile","PRODORIC","CcpA","GAGAAAATGTTTACAA",561
"913","AGGAAAACGTTATGCT","Clostridioides_difficile","PRODORIC","CcpA","AGGAAAACGTTATGCT",562
"1012","AGGAAATGGTATTTGT","Clostridioides_difficile","PRODORIC","CcpA","AGGAAATGGTATTTGT",563
"1112","TGTAAAAAGTTTAGTT","Clostridioides_difficile","PRODORIC","CcpA","TGTAAAAAGTTTAGTT",564
"1212","AAGAAAACGATTTTGT","Clostridioides_difficile","PRODORIC","CcpA","AAGAAAACGATTTTGT",565
"1312","AAATAAAGGTTTTCTT","Clostridioides_difficile","PRODORIC","CcpA","AAATAAAGGTTTTCTT",566
"1412","GGGAAAACATTTTCTT","Clostridioides_difficile","PRODORIC","CcpA","GGGAAAACATTTTCTT",567
